현재순위|순위변동|상품명|정상가|판매가|할인율
1|+10|[천원마트]허니버터칩60g 2봉|1,000원|1,780원|43%
2|+1|[슈퍼특가] SPAO 가을SALE 깜짝찬스♥|990원|2,900원|65%
3|+1|[슈퍼특가] 요즘에♥티/팬츠/아우터多|2,800원|2,800원|0%
4|+2|[밀레/엠리밋] 등산 의류&잡화 모음|5,000원|48,000원|89%
5|+7|[패션위크]쿠폰+즉시할인♥에이와비NEW|3,510원|3,900원|10%
6|-4|[패션위크] 니트/가디건 특가★20%쿠폰|3,900원|3,900원|0%
6|+8|[패션위크] 마이슈♥단4일 추가20%할인|3,900원|3,900원|0%
8|+2|[슈퍼특가]한정수량 자바라 케이블!!|5,900원|5,900원|0%
9|-8|[슈퍼특가]홈쇼핑 인지도 1위 오모떼★|1,900원|1,900원|0%
10|-3|[빠르면싸다] 키즈레시피 신상특급세일|1,900원|1,900원|0%
11|+9|[빠르면싸다] 꼬꼬빌 빠를수록 싸닭♡|990원|990원|0%
12|+20|[패션위크]비키外 겨울아이템 선점!|9,900원|58,000원|82%
13|-8|[패션위크]헤어볼륨UP★라벨영뽕빨크림|11,900원|28,000원|57%
14|-5|[패션위크]기모롱원피스/롱티外20%쿠폰|1,900원|1,900원|0%
15|+16|[꿀딜]토니모리76%슈퍼빅세일★|9,900원|43,000원|76%
16|+8|[패션위크]샐리♥10월 첫 서프라이즈!|1,900원|23,000원|91%
17|+16|[무료배송X쿠폰]스킨푸드10월빅세일50%|5,000원|10,000원|50%
18|-3|[빠르면싸다]젤리스푼 고민중 품절주의|990원|5,900원|83%
19|-6|[패션위크]타라디토 내일은없다 20%▼|1,900원|1,900원|0%
20|-12|[슈퍼특가]페넬로페★바이탈 물티슈|12,900원|12,900원|0%
21|+7|[슈퍼특가]스케쳐스外 기능성 내의모음|12,900원|12,900원|0%
22|-6|[패션위크]비엘르 가을신상 20%할인!|2,610원|2,900원|10%
23|-1|세인트디보스 선착순 한정특가+쿠폰|20,600원|28,600원|27%
24|-6|[슈퍼특가] 특대형★극세사 밍크담요|7,900원|7,900원|0%
25|-6|와이파이도시락|4,200원|4,200원|0%
26|+20|[크리스피크림도넛] 오리지널 최대50%|12,000원|24,000원|50%
27|+2|[패션위크][TAG] 가을 필수 112종|5,000원|5,000원|0%
28|-11|[꿀딜]에스쁘아쿠션전품목50%특가!|8,000원|16,000원|50%
29|-8|[패션위크]뉴발란스 外 아이템 127종|7,900원|7,900원|0%
30|-7|[패션위크]탱글엔젤헤어브러쉬+20%쿠폰|6,125원|6,125원|0%
31|-6|[클럽클리오]아찔하게10월클럽데이~50%|8,000원|16,000원|50%
32|+3|[슈퍼꿀딜]쟌슨빌 소시지 2종 56%할인|19,900원|46,000원|56%
33|-3|[베스트특가] 천연석 지압 슬리퍼 3종|9,900원|9,900원|0%
34|-7|[오후]10월 단하루,오늘만 20%추가↓|2,400원|12,900원|81%
35|-9|[패션위크] 데일리샵 이가격 실화냐|3,900원|3,900원|0%
36|+2|[패션위크] 아미 오늘이 마지막|3,900원|3,900원|0%
37|+2|[빠르면싸다]그뤠잇!햇귤실중량5kg|8,900원|8,900원|0%
38|-4|[패션위크]반트 전상품 균일가!+쿠폰|9,900원|48,000원|79%
39|-2|[빠르면싸다]농심 인기라면 4종|2,000원|2,000원|0%
40|-|[천원마트] 236 미네랄워터 2Lx12병|5,000원|5,630원|11%
41|-5|[천원마트] CJ 햇반 컵반 6종 1만원|10,000원|11,110원|9%
42|-|[슈퍼꿀딜] 서울랜드 자유이용권|11,900원|42,000원|71%
43|+5|[패션위크] 첼로걸 풀코디 최대할인20%|15,900원|15,900원|0%
44|+1|[즉시할인] 허니 양말/덧신 반값특가!|1,500원|1,300원|-15%
45|-4|[패션위크] 스포츠브랜드 웨어 10%할인|23,220원|25,800원|10%
46|-3|[패션위크] 사뿐 파격★할인 20%쿠폰▼|20,900원|20,900원|0%
47|-3|떳다그녀 핫해핫해 가을신상♥|6,900원|6,900원|0%
48|-1|아시아나 편도항공권|12,900원|12,900원|0%
49|-|에버랜드 할로윈 종일권|37,900원|39,900원|5%
50|-|[롯데리아] 치킨버거 1600원!|1,600원|2,900원|44%
